"barrio","n","porcentaje","porcentaje_label","delito_principal","cantidad_delito_principal","porcentaje_delito_principal","etiqueta_completa"
"AGRONOMIA",2126,0.329880398959775,"0.33%","Hurto",803,37.8,"2,126 (0.33%)
Delito principal: Hurto (37.8%)"
"COGHLAN",2510,0.389463688329744,"0.39%","Robo",1033,41.2,"2,510 (0.39%)
Delito principal: Robo (41.2%)"
"PARQUE CHAS",2513,0.389929182777947,"0.39%","Hurto",1069,42.5,"2,513 (0.39%)
Delito principal: Hurto (42.5%)"
"PUERTO MADERO",2019,0.313277763640539,"0.31%","Hurto",829,41.1,"2,019 (0.31%)
Delito principal: Hurto (41.1%)"
"VILLA REAL",2528,0.392256655018961,"0.39%","Hurto",916,36.2,"2,528 (0.39%)
Delito principal: Hurto (36.2%)"
