"barrio","n","porcentaje","porcentaje_label","delito_principal","cantidad_delito_principal","porcentaje_delito_principal","etiqueta_completa"
"PALERMO",51559,8.00014275163078,"8%","Hurto",21990,42.7,"51,559 (8%)
Delito principal: Hurto (42.7%)"
"BALVANERA",43108,6.68884489104327,"6.7%","Robo",18759,43.5,"43,108 (6.7%)
Delito principal: Robo (43.5%)"
"FLORES",34271,5.31765341145365,"5.3%","Robo",14922,43.5,"34,271 (5.3%)
Delito principal: Robo (43.5%)"
"RECOLETA",28680,4.45012692481954,"4.5%","Robo",12227,42.6,"28,680 (4.5%)
Delito principal: Robo (42.6%)"
"CABALLITO",27244,4.22731024894643,"4.2%","Robo",11317,41.5,"27,244 (4.2%)
Delito principal: Robo (41.5%)"
